Workbook

Sheet Sheet4
A3: Row Labels | B3: Sum of TOTAL STUDENT | C3: Sum of NO OF PASS | D3: Sum of NO OF FAIL | E3: Sum of AVERAGE ATTENDANCE
A4: austin | B4: 30 | C4: 26 | D4: 4 | E4: 16.38
A5: Grand Total | B5: 30 | C5: 26 | D5: 4 | E5: 16.38

Sheet sheet2
A1: TOTAL STUDENT | B1: NO OF PASS | C1: NO OF FAIL | D1: AVERAGE ATTENDANCE | E1: TOP SCORER NAME
A2: =COUNTA(Sheet1!A1:A30) -> 30 | B2: =COUNTIF(Sheet1!L2:L31,"PASS") -> 26 | C2: =COUNTIF(Sheet1!L2:L31,"FAIL") -> 4 | D2: =AVERAGE(Sheet1!K2:K31) -> 16.38 | E2: =INDEX(Sheet1!B2:B31,MATCH(MAX(Sheet1!J2:J31),Sheet1!J2:J31,0)) -> austin

Sheet Sheet1
A1: Student_id | B1: Name | C1: Department | D1: Mark1 | E1: Mark2 | F1: Mark3 | G1: Mark4 | H1: Mark5 | I1: Attendance | J1: Total Marks | K1: Average | L1: Result | M1: Grade | N1: Eligiblity
A2: 101 | B2: jerlin | C2: EEE | D2: 12 | E2: 20 | F2: 22 | G2: 22 | H2: 22 | I2: 0.75 | J2: =SUM(D2,E2,F2,H2,G2) -> 98 | K2: =AVERAGE(D2,E2,F2,G2,H2) -> 19.6 | L2: =IF(J2>=60,"Pass","Fail") -> Pass | M2: =IF(J2>=85,"A",IF(J2>=70,"B",IF(J2>=50,"C","F"))) -> A | N2: =IF(I2<75%,"Not Eligible","Eligible") -> Eligible
A3: 102 | B3: merlin | C3: ECE | D3: 14 | E3: 20 | F3: 10 | G3: 10 | H3: 30 | I3: 0.6 | J3: =SUM(D3,E3,F3,H3,G3) -> 84 | K3: =AVERAGE(D3,E3,F3,G3,H3) -> 16.8 | L3: =IF(J3>=60,"Pass","Fail") -> Pass | M3: =IF(J3>=85,"A",IF(J3>=70,"B",IF(J3>=50,"C","F"))) -> B | N3: =IF(I3<75%,"Not Eligible","Eligible") -> Not Eligible
A4: 103 | B4: justin | C4: IT | D4: 15 | E4: 22 | F4: 30 | G4: 12 | H4: 11 | I4: 0.8 | J4: =SUM(D4,E4,F4,H4,G4) -> 90 | K4: =AVERAGE(D4,E4,F4,G4,H4) -> 18 | L4: =IF(J4>=60,"Pass","Fail") -> Pass | M4: =IF(J4>=85,"A",IF(J4>=70,"B",IF(J4>=50,"C","F"))) -> A | N4: =IF(I4<75%,"Not Eligible","Eligible") -> Eligible
A5: 104 | B5: juli | C5: AIDS | D5: 10 | E5: 10 | F5: 10 | G5: 10 | H5: 10 | I5: 0.45 | J5: =SUM(D5,E5,F5,H5,G5) -> 50 | K5: =AVERAGE(D5,E5,F5,G5,H5) -> 10 | L5: =IF(J5>=60,"Pass","Fail") -> Fail | M5: =IF(J5>=85,"A",IF(J5>=70,"B",IF(J5>=50,"C","F"))) -> C | N5: =IF(I5<75%,"Not Eligible","Eligible") -> Not Eligible
A6: 105 | B6: austin | C6: EEE | D6: 17 | E6: 26 | F6: 25 | G6: 22 | H6: 10 | I6: 0.5 | J6: =SUM(D6,E6,F6,H6,G6) -> 100 | K6: =AVERAGE(D6,E6,F6,G6,H6) -> 20 | L6: =IF(J6>=60,"Pass","Fail") -> Pass | M6: =IF(J6>=85,"A",IF(J6>=70,"B",IF(J6>=50,"C","F"))) -> A | N6: =IF(I6<75%,"Not Eligible","Eligible") -> Not Eligible
A7: 106 | B7: asmi | C7: IT | D7: 18 | E7: 27 | F7: 12 | G7: 22 | H7: 12 | I7: 0.65 | J7: =SUM(D7,E7,F7,H7,G7) -> 91 | K7: =AVERAGE(D7,E7,F7,G7,H7) -> 18.2 | L7: =IF(J7>=60,"Pass","Fail") -> Pass | M7: =IF(J7>=85,"A",IF(J7>=70,"B",IF(J7>=50,"C","F"))) -> A | N7: =IF(I7<75%,"Not Eligible","Eligible") -> Not Eligible
A8: 107 | B8: levesia | C8: AIDS | D8: 11 | E8: 11 | F8: 22 | G8: 21 | H8: 22 | I8: 0.35 | J8: =SUM(D8,E8,F8,H8,G8) -> 87 | K8: =AVERAGE(D8,E8,F8,G8,H8) -> 17.4 | L8: =IF(J8>=60,"Pass","Fail") -> Pass | M8: =IF(J8>=85,"A",IF(J8>=70,"B",IF(J8>=50,"C","F"))) -> A | N8: =IF(I8<75%,"Not Eligible","Eligible") -> Not Eligible
A9: 108 | B9: filo | C9: ECE | D9: 12 | E9: 21 | F9: 21 | G9: 22 | H9: 22 | I9: 0.55 | J9: =SUM(D9,E9,F9,H9,G9) -> 98 | K9: =AVERAGE(D9,E9,F9,G9,H9) -> 19.6 | L9: =IF(J9>=60,"Pass","Fail") -> Pass | M9: =IF(J9>=85,"A",IF(J9>=70,"B",IF(J9>=50,"C","F"))) -> A | N9: =IF(I9<75%,"Not Eligible","Eligible") -> Not Eligible
A10: 109 | B10: harish | C10: CSE | D10: 13 | E10: 25 | F10: 13 | G10: 25 | H10: 13 | I10: 0.54 | J10: =SUM(D10,E10,F10,H10,G10) -> 89 | K10: =AVERAGE(D10,E10,F10,G10,H10) -> 17.8 | L10: =IF(J10>=60,"Pass","Fail") -> Pass | M10: =IF(J10>=85,"A",IF(J10>=70,"B",IF(J10>=50,"C","F"))) -> A | N10: =IF(I10<75%,"Not Eligible","Eligible") -> Not Eligible
A11: 110 | B11: anu | C11: IT | D11: 15 | E11: 27 | F11: 10 | G11: 21 | H11: 26 | I11: 0.61 | J11: =SUM(D11,E11,F11,H11,G11) -> 99 | K11: =AVERAGE(D11,E11,F11,G11,H11) -> 19.8 | L11: =IF(J11>=60,"Pass","Fail") -> Pass | M11: =IF(J11>=85,"A",IF(J11>=70,"B",IF(J11>=50,"C","F"))) -> A | N11: =IF(I11<75%,"Not Eligible","Eligible") -> Not Eligible
A12: 111 | B12: abi | C12: AIDS | D12: 17 | E12: 25 | F12: 11 | G12: 27 | H12: 17 | I12: 0.6 | J12: =SUM(D12,E12,F12,H12,G12) -> 97 | K12: =AVERAGE(D12,E12,F12,G12,H12) -> 19.4 | L12: =IF(J12>=60,"Pass","Fail") -> Pass | M12: =IF(J12>=85,"A",IF(J12>=70,"B",IF(J12>=50,"C","F"))) -> A | N12: =IF(I12<75%,"Not Eligible","Eligible") -> Not Eligible
A13: 112 | B13: anafa | C13: ECE | D13: 18 | E13: 27 | F13: 22 | G13: 11 | H13: 15 | I13: 0.9 | J13: =SUM(D13,E13,F13,H13,G13) -> 93 | K13: =AVERAGE(D13,E13,F13,G13,H13) -> 18.6 | L13: =IF(J13>=60,"Pass","Fail") -> Pass | M13: =IF(J13>=85,"A",IF(J13>=70,"B",IF(J13>=50,"C","F"))) -> A | N13: =IF(I13<75%,"Not Eligible","Eligible") -> Eligible
... A31: 130 | B31: ziya | C31: EEE | D31: 10 | E31: 10 | F31: 10 | G31: 10 | H31: 10 | I31: 0.5 | J31: =SUM(D31,E31,F31,H31,G31) -> 50 | K31: =AVERAGE(D31,E31,F31,G31,H31) -> 10 | L31: =IF(J31>=60,"Pass","Fail") -> Fail | M31: =IF(J31>=85,"A",IF(J31>=70,"B",IF(J31>=50,"C","F"))) -> C | N31: =IF(I31<75%,"Not Eligible","Eligible") -> Not Eligible
